0,0.595419,-0.679298,
0,0.440425,-0.571706,
0,0.451442,-0.632335,
0,0.690153,-0.655117,
0,0.48773,-0.788492,
0,0.477025,-0.621894,
0,0.609215,-0.701821,
0,0.463857,-0.620275,
0,0.383495,-0.627973,
0,0.460711,-0.69073,
0,0.69309,-0.607593,
0,0.365413,-0.653341,
0,0.487792,-0.671267,
0,0.506382,-0.586651,
0,0.26046,-0.654076,
0,0.496121,-0.558112,
0,0.628098,-0.626611,
0,0.492751,-0.614496,
0,0.442224,-0.589713,
0,0.659631,-0.571649,
0,0.285285,-0.606239,
0,0.51488,-0.831773,
0,0.433095,-0.820244,
0,0.49763,-0.51134,
0,0.511272,-0.637301,
0,0.596673,-0.478832,
0,0.336887,-0.747357,
0,0.322693,-0.581056,
0,0.408856,-0.729185,
0,0.540839,-0.40149,
0,0.435117,-0.656935,
0,0.66934,-0.724631,
0,0.460674,-0.586076,
0,0.381597,-0.593466,
0,0.394236,-0.741625,
0,0.326343,-0.769785,
0,0.580249,-0.570362,
0,0.579862,-0.839154,
0,0.355751,-0.669755,
0,0.362431,-0.596556,
0,0.477432,-0.641725,
0,0.519531,-0.531943,
0,0.59686,-0.52832,
0,0.640279,-0.58275,
0,0.38466,-0.675547,
0,0.35709,-0.480157,
0,0.412658,-0.782825,
0,0.484805,-0.840025,
0,0.438927,-0.705108,
0,0.543612,-0.729166,
0,0.635996,-0.688018,
0,0.467791,-0.588323,
0,0.713299,-0.694131,
0,0.505589,-0.631804,
0,0.518939,-0.689833,
0,0.414184,-0.777616,
0,0.534622,-0.432672,
0,0.55924,-0.848578,
0,0.485408,-0.801456,
0,0.521092,-0.770284,
0,0.404233,-0.71746,
0,0.495222,-0.625006,
0,0.274844,-0.616487,
0,0.308261,-0.71551,
0,0.295173,-0.75217,
0,0.394739,-0.656435,
0,0.360233,-0.662231,
0,0.41032,-0.456048,
0,0.463398,-0.853212,
0,0.374817,-0.569575,
0,0.344022,-0.630622,
0,0.481352,-0.575433,
0,0.536012,-0.669174,
0,0.625119,-0.617958,
0,0.583278,-0.640477,
0,0.66138,-0.536101,
0,0.476716,-0.62145,
0,0.375773,-0.834614,
0,0.518346,-0.453859,
0,0.605768,-0.569467,
0,0.618797,-0.515174,
0,0.526147,-0.527767,
0,0.471787,-0.634391,
0,0.28914,-0.750368,
0,0.66579,-0.563413,
0,0.441213,-0.566895,
0,0.450983,-0.627919,
0,0.669328,-0.687334,
0,0.498848,-0.646555,
0,0.44659,-0.617637,
0,0.606952,-0.499487,
0,0.366958,-0.48653,
0,0.569125,-0.838751,
0,0.564509,-0.582114,
0,0.321632,-0.678194,
0,0.307275,-0.548455,
0,0.443874,-0.692427,
0,0.489446,-0.633245,
0,0.465693,-0.716857,
0,0.525912,-0.668761,
0,0.645047,-0.50733,
0,0.505264,-0.772871,
0,0.563411,-0.650469,
0,0.483053,-0.628428,
0,0.487745,-0.798512,
0,0.393024,-0.567153,
0,0.462203,-0.64344,
0,0.363064,-0.442946,
0,0.604461,-0.516142,
0,0.550008,-0.81014,
0,0.434994,-0.702865,
0,0.485798,-0.560397,
0,0.501114,-0.625188,
0,0.312159,-0.668636,
0,0.298686,-0.622276,
0,0.552044,-0.745079,
0,0.339109,-0.574117,
0,0.596128,-0.554788,
0,0.485465,-0.595038,
0,0.533732,-0.623939,
0,0.479825,-0.634954,
0,0.276456,-0.68754,
0,0.435641,-0.634376,
0,0.428308,-0.801134,
0,0.306452,-0.517346,
0,0.621677,-0.431339,
0,0.57605,-0.430426,
0,0.376273,-0.764518,
0,0.402472,-0.723558,
0,0.447357,-0.64551,
0,0.26895,-0.69678,
0,0.457965,-0.754061,
0,0.408311,-0.46217,
0,0.587615,-0.562604,
0,0.524543,-0.775318,
0,0.473932,-0.502534,
0,0.489553,-0.600063,
0,0.485974,-0.618757,
0,0.665815,-0.640134,
0,0.525927,-0.693933,
0,0.535952,-0.460579,
0,0.327053,-0.457689,
0,0.496083,-0.844739,
0,0.327988,-0.770244,
0,0.448041,-0.591971,
0,0.405142,-0.678606,
0,0.476382,-0.612679,
0,0.615285,-0.657027,
0,0.26211,-0.536375,
0,0.61755,-0.584907,
0,0.496781,-0.711632,
0,0.702458,-0.569877,
0,0.488213,-0.663067,
0,0.554378,-0.648008,
0,0.328759,-0.53896,
0,0.286781,-0.656735,
0,0.444762,-0.67934,
0,0.472359,-0.640032,
0,0.529198,-0.638443,
0,0.275377,-0.613652,
0,0.270322,-0.729847,
0,0.394642,-0.793841,
0,0.47315,-0.774426,
0,0.488102,-0.585711,
0,0.496764,-0.727884,
0,0.371069,-0.695713,
0,0.309206,-0.729883,
0,0.621473,-0.758901,
0,0.495021,-0.648328,
0,0.300645,-0.583706,
0,0.466906,-0.648814,
0,0.631957,-0.707524,
0,0.514611,-0.637653,
0,0.439321,-0.51939,
0,0.567221,-0.846853,
0,0.368521,-0.774517,
0,0.612793,-0.447282,
0,0.567061,-0.793062,
0,0.485736,-0.636141,
0,0.450146,-0.437291,
0,0.49633,-0.571183,
0,0.578692,-0.607391,
0,0.562319,-0.655887,
0,0.360321,-0.460792,
0,0.320564,-0.668941,
0,0.441823,-0.416058,
0,0.473255,-0.662608,
0,0.443407,-0.632143,
0,0.475254,-0.625522,
0,0.513289,-0.66922,
0,0.484015,-0.643047,
0,0.509132,-0.609538,
0,0.315434,-0.574098,
0,0.489501,-0.467276,
0,0.304312,-0.510121,
0,0.509988,-0.749863,
0,0.484072,-0.628585,
0,0.412856,-0.717229,
0,0.594579,-0.503349,
0,0.50898,-0.691679,
0,0.493441,-0.481674,
0,0.57192,-0.75747,
0,0.462508,-0.786336,
0,0.35543,-0.609642,
0,0.623853,-0.702147,
0,0.55481,-0.571335,
0,0.563052,-0.46429,
0,0.683814,-0.669957,
0,0.397809,-0.439878,
0,0.32537,-0.542771,
0,0.454321,-0.649716,
0,0.297211,-0.644427,
0,0.372434,-0.597732,
0,0.404553,-0.632683,
0,0.418232,-0.548838,
0,0.397559,-0.70656,
0,0.50818,-0.587317,
0,0.42958,-0.662873,
0,0.482466,-0.601928,
0,0.637044,-0.557103,
0,0.622888,-0.761452,
0,0.573384,-0.588516,
0,0.574249,-0.591109,
0,0.361978,-0.669711,
0,0.552978,-0.569357,
0,0.315924,-0.519714,
0,0.4358,-0.692146,
0,0.492302,-0.577912,
0,0.585834,-0.678297,
0,0.659506,-0.516853,
0,0.491936,-0.644731,
0,0.415298,-0.681174,
0,0.278416,-0.507552,
0,0.522964,-0.702174,
0,0.557101,-0.612274,
0,0.558921,-0.792835,
0,0.613096,-0.634379,
0,0.42285,-0.646624,
0,0.530138,-0.567679,
0,0.382694,-0.688084,
0,0.351114,-0.820518,
0,0.652646,-0.566187,
0,0.476392,-0.632805,
0,0.475688,-0.580718,
0,0.688386,-0.723148,
0,0.462665,-0.412573,
0,0.494943,-0.622227,
0,0.7042,-0.621025,
0,0.43046,-0.815587,
0,0.36485,-0.608869,
0,0.548806,-0.702015,
0,0.609266,-0.723965,
0,0.559355,-0.660751,
0,0.530173,-0.706277,
0,0.541206,-0.712292,
0,0.505839,-0.40206,
0,0.491525,-0.561366,
0,0.635344,-0.595142,
0,0.531182,-0.628898,
0,0.427982,-0.686788,
0,0.290073,-0.604875,
0,0.542074,-0.564924,
0,0.539371,-0.545466,
0,0.25761,-0.599355,
0,0.690722,-0.694483,
0,0.488299,-0.58377,
0,0.476791,-0.642041,
0,0.435259,-0.629556,
0,0.276073,-0.580977,
0,0.693426,-0.65392,
0,0.370459,-0.814983,
0,0.464512,-0.636791,
0,0.257598,-0.629178,
0,0.486572,-0.832604,
0,0.390437,-0.72805,
0,0.448353,-0.553452,
0,0.60262,-0.55024,
0,0.544855,-0.395408,
0,0.43911,-0.553504,
0,0.518796,-0.635091,
0,0.567288,-0.589403,
0,0.37247,-0.662497,
0,0.48477,-0.664616,
0,0.401882,-0.67905,
0,0.346888,-0.597742,
0,0.487954,-0.565632,
0,0.62435,-0.817425,
0,0.565766,-0.620584,
0,0.511931,-0.590328,
0,0.349629,-0.798399,
0,0.392735,-0.568673,
0,0.43275,-0.572199,
0,0.552534,-0.713334,
0,0.626026,-0.762258,
0,0.506461,-0.623232,
0,0.520527,-0.568474,
0,0.58757,-0.532495,
0,0.441159,-0.51748,
0,0.397206,-0.497265,
0,0.514104,-0.638175,
0,0.423139,-0.543153,
0,0.483881,-0.4253,
0,0.454676,-0.410733,
0,0.559349,-0.607255,
0,0.475593,-0.627914,
0,0.424502,-0.736714,
0,0.643712,-0.601882,
0,0.518379,-0.721643,
0,0.554274,-0.493783,
0,0.684162,-0.548462,
0,0.476978,-0.511505,
0,0.58023,-0.593633,
0,0.310104,-0.600602,
0,0.320849,-0.60422,
0,0.558464,-0.702038,
0,0.595274,-0.749223,
0,0.579525,-0.685988,
0,0.488284,-0.455738,
0,0.486822,-0.643631,
0,0.305888,-0.771448,
0,0.522446,-0.609418,
0,0.436132,-0.572599,
0,0.46392,-0.586981,
0,0.491348,-0.644169,
0,0.472887,-0.498327,
0,0.444769,-0.514255,
0,0.352183,-0.70993,
0,0.316495,-0.575427,
0,0.402973,-0.542381,
0,0.473724,-0.636156,
0,0.370402,-0.624499,
0,0.637307,-0.722569,
0,0.601757,-0.474589,
0,0.452167,-0.768514,
0,0.551621,-0.52928,
0,0.425385,-0.628591,
0,0.459109,-0.612782,
0,0.508464,-0.596247,
0,0.483977,-0.61647,
0,0.590616,-0.641844,
0,0.490577,-0.614537,
0,0.403393,-0.668459,
0,0.426204,-0.706121,
0,0.594845,-0.735939,
0,0.379485,-0.642704,
0,0.247868,-0.642499,
0,0.501798,-0.563096,
0,0.480638,-0.631967,
0,0.532414,-0.589729,
0,0.380159,-0.468288,
0,0.478875,-0.623698,
0,0.354733,-0.678392,
0,0.448853,-0.632514,
0,0.509141,-0.604164,
0,0.465056,-0.486443,
0,0.502115,-0.605467,
0,0.408571,-0.577274,
0,0.463964,-0.446409,
0,0.511748,-0.577846,
0,0.676321,-0.747324,
0,0.317599,-0.457652,
0,0.419412,-0.840292,
0,0.609188,-0.598149,
0,0.347807,-0.747692,
0,0.34171,-0.503569,
0,0.446898,-0.593097,
0,0.508694,-0.656311,
0,0.639584,-0.556771,
0,0.367863,-0.653791,
0,0.48064,-0.637981,
0,0.490494,-0.44881,
0,0.606066,-0.580023,
0,0.482694,-0.623022,
0,0.592574,-0.427553,
0,0.559986,-0.484582,
0,0.530237,-0.79193,
0,0.355672,-0.638687,
0,0.475854,-0.659425,
0,0.587868,-0.698983,
0,0.541944,-0.456231,
0,0.472864,-0.527408,
0,0.482662,-0.496837,
0,0.444093,-0.634077,
0,0.635196,-0.732859,
0,0.581401,-0.465435,
0,0.482426,-0.638443,
0,0.535082,-0.590341,
0,0.414563,-0.776375,
0,0.485222,-0.439655,
0,0.497549,-0.510337,
0,0.267759,-0.625768,
0,0.261491,-0.557578,
0,0.417297,-0.648996,
0,0.412205,-0.599288,
0,0.472285,-0.623382,
0,0.40089,-0.780616,
0,0.463968,-0.697491,
0,0.700521,-0.550903,
0,0.346926,-0.768706,
0,0.423359,-0.663756,
0,0.420637,-0.580431,
0,0.464682,-0.719195,
0,0.588319,-0.51132,
0,0.303662,-0.468633,
0,0.547995,-0.602346,
0,0.4638,-0.845514,
0,0.373094,-0.749528,
0,0.43531,-0.610345,
0,0.318416,-0.473321,
0,0.345175,-0.812043,
0,0.570973,-0.435199,
0,0.263319,-0.701075,
0,0.484263,-0.635753,
0,0.429686,-0.646466,
0,0.585144,-0.453549,
0,0.407274,-0.694853,
0,0.505456,-0.661382,
0,0.613453,-0.630984,
0,0.46828,-0.593212,
0,0.559542,-0.731192,
0,0.437808,-0.545244,
0,0.503518,-0.837285,
0,0.490002,-0.517753,
0,0.688515,-0.579634,
0,0.280836,-0.727285,
0,0.456873,-0.734163,
0,0.430245,-0.76323,
0,0.623672,-0.558456,
0,0.521405,-0.435408,
0,0.620398,-0.739545,
0,0.677479,-0.568685,
0,0.477672,-0.451228,
0,0.576026,-0.452777,
0,0.385855,-0.78177,
0,0.392038,-0.703624,
0,0.428711,-0.675074,
0,0.54315,-0.628772,
0,0.245311,-0.625111,
0,0.485153,-0.609321,
0,0.44213,-0.594156,
0,0.526674,-0.687396,
0,0.436403,-0.636848,
0,0.48775,-0.596707,
0,0.591677,-0.629128,
0,0.557029,-0.623331,
0,0.466994,-0.626457,
0,0.463282,-0.63966,
0,0.42197,-0.547363,
0,0.548764,-0.615297,
0,0.469879,-0.557351,
0,0.47816,-0.645061,
0,0.537812,-0.694314,
0,0.400625,-0.81352,
0,0.469176,-0.40951,
0,0.506014,-0.419432,
0,0.441876,-0.683072,
0,0.554879,-0.624401,
0,0.387611,-0.542218,
0,0.520067,-0.592746,
0,0.47146,-0.574252,
0,0.695081,-0.581069,
0,0.476761,-0.427311,
0,0.35417,-0.619014,
0,0.476044,-0.574943,
0,0.369548,-0.488388,
0,0.48495,-0.635704,
0,0.334518,-0.598749,
0,0.279434,-0.536114,
0,0.573204,-0.580179,
0,0.485091,-0.575623,
0,0.475323,-0.633694,
0,0.482725,-0.628949,
0,0.457664,-0.507438,
0,0.410278,-0.571259,
0,0.278888,-0.742581,
0,0.58789,-0.499399,
0,0.562307,-0.734181,
0,0.51814,-0.613161,
0,0.488017,-0.625571,
0,0.403272,-0.605914,
0,0.458767,-0.617712,
0,0.302886,-0.528802,
0,0.477486,-0.657992,
0,0.399744,-0.634762,
0,0.593599,-0.479304,
0,0.479807,-0.645614,
0,0.552943,-0.710226,
0,0.530118,-0.405913,
0,0.581531,-0.767961,
0,0.547753,-0.449785,
0,0.278532,-0.567593,
0,0.393079,-0.799547,
0,0.319293,-0.69909,
0,0.464355,-0.53544,
0,0.484312,-0.593466,
0,0.302296,-0.658918,
0,0.25724,-0.663636,
0,0.536465,-0.659868,
0,0.700855,-0.667039,
0,0.327203,-0.520192,
0,0.39521,-0.668616,
0,0.664428,-0.53983,
0,0.647969,-0.54487,
0,0.309618,-0.558659,
0,0.449391,-0.736638,
0,0.580358,-0.575407,
0,0.479046,-0.779249,
0,0.543917,-0.690936,
0,0.450103,-0.629313,
0,0.278301,-0.544734,
0,0.500605,-0.484064,
0,0.475718,-0.793289,
0,0.50693,-0.652472,
0,0.323859,-0.777986,
0,0.477263,-0.612715,
0,0.533968,-0.595618,
0,0.48379,-0.679514,
0,0.47708,-0.479495,
0,0.371275,-0.543087,
0,0.461059,-0.639703,
0,0.347479,-0.767914,
0,0.383827,-0.792636,
0,0.463222,-0.7866,
0,0.382716,-0.61025,
0,0.499352,-0.633315,
0,0.408451,-0.681045,
0,0.569548,-0.671461,
0,0.455918,-0.631043,
0,0.303085,-0.596223,
0,0.381559,-0.666859,
0,0.457793,-0.520519,
0,0.261002,-0.572489,
0,0.644113,-0.510822,
0,0.621075,-0.614458,
0,0.523427,-0.654305,
0,0.647918,-0.511575,
0,0.399691,-0.715947,
0,0.392379,-0.537252,
0,0.542658,-0.574955,
0,0.53259,-0.50568,
0,0.413943,-0.604775,
0,0.649477,-0.492562,
0,0.463844,-0.392582,
0,0.578741,-0.725357,
0,0.676506,-0.635392,
0,0.294082,-0.707744,
0,0.37626,-0.642593,
0,0.469739,-0.627756,
0,0.379545,-0.844444,
0,0.454217,-0.761752,
0,0.540442,-0.614843,
0,0.532158,-0.466509,
0,0.317396,-0.769496,
0,0.609245,-0.833713,
0,0.510093,-0.672987,
0,0.47501,-0.807053,
0,0.389582,-0.59372,
0,0.424465,-0.754471,
0,0.299892,-0.575369,
0,0.517303,-0.717061,
0,0.326765,-0.540841,
0,0.482506,-0.627751,
0,0.495923,-0.479474,
0,0.578589,-0.649699,
0,0.634109,-0.595856,
0,0.521818,-0.555293,
0,0.408117,-0.411424,
0,0.485065,-0.514417,
0,0.371592,-0.494721,
0,0.336198,-0.736999,
0,0.509118,-0.642031,
0,0.368561,-0.553947,
0,0.663197,-0.527009,
0,0.5594,-0.798273,
0,0.477664,-0.448566,
0,0.468,-0.65511,
0,0.32738,-0.759033,
0,0.474334,-0.733457,
0,0.657861,-0.605541,
0,0.490786,-0.611934,
0,0.425898,-0.432433,
0,0.48199,-0.630009,
0,0.512707,-0.676746,
0,0.580268,-0.627983,
0,0.303282,-0.585087,
0,0.5954,-0.541623,
0,0.313547,-0.580373,
0,0.458642,-0.515983,
0,0.473776,-0.820691,
0,0.614125,-0.463306,
0,0.560306,-0.783654,
0,0.281715,-0.674983,
0,0.562652,-0.575854,
0,0.568257,-0.536172,
0,0.353318,-0.468294,
0,0.334744,-0.497474,
0,0.439368,-0.616692,
0,0.570609,-0.412619,
0,0.297308,-0.689318,
0,0.486415,-0.621398,
0,0.520497,-0.638186,
0,0.532786,-0.401226,
0,0.362388,-0.643973,
0,0.470501,-0.824568,
0,0.672888,-0.518425,
0,0.31714,-0.702411,
0,0.429878,-0.638599,
0,0.494412,-0.643517,
0,0.473984,-0.64474,
0,0.371213,-0.6383,
0,0.500677,-0.618486,
0,0.43979,-0.630391,
0,0.440669,-0.663112,
0,0.639216,-0.763536,
0,0.463742,-0.655294,
0,0.282441,-0.672068,
0,0.483173,-0.630587,
0,0.246825,-0.610001,
0,0.650791,-0.597104,
0,0.488216,-0.57118,
0,0.479889,-0.791649,
0,0.461513,-0.657719,
0,0.720767,-0.592936,
0,0.405097,-0.586524,
0,0.442332,-0.558933,
0,0.589132,-0.510855,
0,0.495625,-0.616175,
0,0.397826,-0.659305,
0,0.527258,-0.614612,
0,0.509312,-0.540522,
0,0.459414,-0.409505,
0,0.686594,-0.57089,
0,0.598063,-0.439403,
0,0.407338,-0.520918,
0,0.476649,-0.612194,
0,0.49516,-0.863598,
0,0.470362,-0.637773,
0,0.642363,-0.631561,
0,0.497393,-0.626542,
0,0.5235,-0.712832,
0,0.476445,-0.558592,
0,0.5833,-0.844952,
0,0.531223,-0.556254,
0,0.456969,-0.419052,
0,0.378595,-0.578586,
0,0.501331,-0.586772,
0,0.369651,-0.773642,
0,0.301566,-0.71553,
0,0.516788,-0.6115,
0,0.474585,-0.633899,
0,0.488752,-0.613984,
0,0.691145,-0.637666,
0,0.566521,-0.651764,
0,0.478033,-0.607304,
0,0.424533,-0.750205,
0,0.533403,-0.655851,
0,0.49876,-0.831744,
0,0.472652,-0.598008,
0,0.599131,-0.817542,
0,0.574349,-0.58264,
0,0.513565,-0.606783,
0,0.510166,-0.7179,
0,0.621615,-0.623953,
0,0.543967,-0.482153,
0,0.430385,-0.605978,
0,0.363433,-0.46137,
0,0.3725,-0.621645,
0,0.603886,-0.563533,
0,0.477841,-0.623885,
0,0.388543,-0.445301,
0,0.518091,-0.862007,
0,0.464973,-0.666025,
0,0.525975,-0.62615,
0,0.398212,-0.641814,
0,0.400594,-0.411996,
0,0.490481,-0.715321,
0,0.437279,-0.621084,
0,0.516316,-0.717802,
0,0.441753,-0.719696,
0,0.66994,-0.585094,
0,0.567513,-0.417902,
0,0.32343,-0.733932,
0,0.644386,-0.53157,
0,0.371087,-0.509465,
0,0.374355,-0.576017,
0,0.519937,-0.802055,
0,0.419412,-0.637079,
0,0.426483,-0.509755,
0,0.273478,-0.679432,
0,0.553883,-0.603945,
0,0.495092,-0.687039,
0,0.558453,-0.757319,
0,0.535005,-0.65364,
0,0.30356,-0.653231,
0,0.522758,-0.640815,
0,0.378979,-0.748248,
0,0.454903,-0.658083,
0,0.515873,-0.575661,
0,0.520137,-0.720417,
0,0.552735,-0.791655,
0,0.265014,-0.63784,
0,0.530785,-0.625099,
0,0.469855,-0.632168,
0,0.571728,-0.723556,
0,0.512887,-0.49282,
0,0.435187,-0.677205,
1,0.136994,0.52181,
1,0.0675287,0.567124,
1,0.175377,0.236714,
1,0.12236,0.518699,
1,-0.0987754,0.669996,
1,0.333436,0.374919,
1,0.389867,0.629982,
1,-0.0219414,0.341696,
1,0.0548398,0.733314,
1,0.0761264,0.321201,
1,0.182399,0.550008,
1,0.229875,0.558849,
1,0.265869,0.626098,
1,0.0246316,0.36135,
1,0.288121,0.704183,
1,0.411213,0.463131,
1,0.0102639,0.519814,
1,0.178355,0.730116,
1,0.214061,0.700284,
1,0.236411,0.704482,
1,0.21194,0.512985,
1,-0.0348147,0.496789,
1,0.270255,0.479213,
1,0.164178,0.588035,
1,0.143744,0.628997,
1,0.160799,0.431092,
1,0.125572,0.520897,
1,0.253193,0.256091,
1,0.119703,0.541544,
1,0.156449,0.493288,
1,-0.0675577,0.675065,
1,0.312851,0.581606,
1,-0.0634455,0.404175,
1,0.157449,0.598082,
1,0.176511,0.521891,
1,0.113198,0.436134,
1,0.318875,0.402521,
1,0.12118,0.560251,
1,0.375205,0.426162,
1,0.115519,0.549018,
1,0.156049,0.280396,
1,-0.124073,0.53105,
1,0.155667,0.413332,
1,0.222638,0.508881,
1,0.208605,0.643156,
1,0.115439,0.502159,
1,0.269429,0.4098,
1,0.0306464,0.455726,
1,0.16938,0.373699,
1,-0.0377041,0.466239,
1,0.171975,0.366058,
1,0.128634,0.509093,
1,-0.0293091,0.548203,
1,0.147254,0.713038,
1,0.380609,0.630874,
1,0.17214,0.537606,
1,0.271241,0.385292,
1,0.405657,0.614601,
1,0.372658,0.602431,
1,0.261844,0.288032,
1,0.405574,0.574672,
1,0.0984024,0.610643,
1,0.129432,0.513369,
1,0.269552,0.539742,
1,0.298106,0.3915,
1,0.268626,0.758318,
1,-0.107729,0.583999,
1,0.0914739,0.780178,
1,0.189431,0.591495,
1,0.278336,0.488863,
1,0.293294,0.298419,
1,0.101386,0.45525,
1,0.100423,0.560083,
1,-0.0535902,0.290657,
1,0.14137,0.239719,
1,0.192237,0.560245,
1,0.16116,0.613858,
1,0.169639,0.621711,
1,-0.0656499,0.664508,
1,0.163446,0.524287,
1,0.252991,0.630682,
1,-0.0305789,0.528407,
1,0.189493,0.445205,
1,-0.0191195,0.566915,
1,0.191146,0.371544,
1,0.0587451,0.553885,
1,0.105983,0.528981,
1,0.185867,0.513081,
1,0.0462792,0.537827,
1,-0.0474415,0.564444,
1,0.263616,0.323421,
1,0.183858,0.29808,
1,0.290456,0.519756,
1,0.155929,0.621902,
1,0.162001,0.652861,
1,0.180014,0.242098,
1,0.108018,0.80381,
1,0.357848,0.547891,
1,0.299587,0.648735,
1,0.346014,0.508173,
1,0.150066,0.698183,
1,0.188833,0.65965,
1,0.0647203,0.525069,
1,0.150849,0.597393,
1,-0.00833247,0.551735,
1,0.0808432,0.502032,
1,0.108661,0.477049,
1,0.0422204,0.432898,
1,-0.0551457,0.529799,
1,-0.0253566,0.608622,
1,0.117409,0.524965,
1,0.242776,0.577727,
1,-0.0376008,0.602568,
1,0.201181,0.46991,
1,-0.146842,0.403806,
1,0.117983,0.288559,
1,0.216301,0.607098,
1,0.037986,0.754311,
1,0.0758392,0.728781,
1,0.294753,0.676493,
1,0.261512,0.515874,
1,0.280224,0.367998,
1,0.340646,0.655716,
1,0.0107901,0.488648,
1,0.21801,0.557053,
1,0.120443,0.368279,
1,0.243217,0.510629,
1,0.0736134,0.81349,
1,0.0491751,0.735537,
1,0.238421,0.322451,
1,0.141033,0.573664,
1,-0.117217,0.511667,
1,-0.0209063,0.307072,
1,0.0932357,0.518413,
1,0.0728312,0.747957,
1,0.212339,0.542001,
1,0.20247,0.321006,
1,0.286714,0.323098,
1,0.173682,0.536306,
1,0.0890262,0.314186,
1,0.295485,0.73851,
1,0.285032,0.652058,
1,0.0548216,0.662138,
1,0.052317,0.365105,
1,0.0895587,0.569576,
1,0.151853,0.709122,
1,0.147059,0.474622,
1,0.313514,0.548399,
1,0.0911582,0.363458,
1,0.180439,0.503667,
1,0.235008,0.532049,
1,0.129737,0.311667,
1,0.414878,0.552686,
1,0.0830771,0.751425,
1,0.152312,0.392033,
1,0.342911,0.657914,
1,0.210412,0.462622,
1,0.311034,0.561687,
1,-0.00276559,0.775169,
1,-0.0491141,0.630719,
1,0.326114,0.47287,
1,0.181038,0.654886,
1,0.260847,0.483466,
1,0.185835,0.631082,
1,0.117151,0.443676,
1,0.0668808,0.46106,
1,-0.116673,0.472945,
1,0.269579,0.682154,
1,0.114527,0.510825,
1,0.0532304,0.373225,
1,0.254049,0.638134,
1,0.0734262,0.805301,
1,0.167087,0.472957,
1,0.0550735,0.554217,
1,0.166857,0.551645,
1,0.0611088,0.572061,
1,-0.0644803,0.321901,
1,-0.0101628,0.68283,
1,0.207032,0.772104,
1,0.266154,0.550179,
1,0.12039,0.611959,
1,0.238563,0.565537,
1,0.10137,0.548986,
1,0.124243,0.528077,
1,0.103724,0.513842,
1,0.121245,0.552916,
1,0.279771,0.398612,
1,-0.0610881,0.649854,
1,0.222115,0.70079,
1,0.231798,0.362265,
1,0.0541302,0.53426,
1,0.279941,0.55518,
1,0.240994,0.299302,
1,-0.0326142,0.493729,
1,0.133513,0.607703,
1,0.0780635,0.763787,
1,0.128655,0.381452,
1,0.0211562,0.62555,
1,0.079091,0.558245,
1,0.152703,0.466941,
1,0.228473,0.556712,
1,0.178553,0.436259,
1,0.168407,0.460189,
1,-0.0350897,0.504408,
1,0.0969599,0.459625,
1,0.121392,0.281893,
1,0.391424,0.48925,
1,0.0931629,0.512551,
1,0.283546,0.407541,
1,0.286508,0.578991,
1,0.137756,0.554197,
1,0.0684786,0.256698,
1,0.138328,0.613685,
1,0.146777,0.672667,
1,0.295677,0.502748,
1,0.248114,0.723728,
1,-0.00948232,0.288414,
1,-0.0463831,0.673105,
1,0.0959627,0.399742,
1,0.334749,0.559326,
1,0.117861,0.526648,
1,0.185786,0.489256,
1,-0.110095,0.455407,
1,0.349556,0.543123,
1,0.311327,0.58728,
1,0.182347,0.51492,
1,0.169195,0.3728,
1,0.194949,0.488152,
1,0.17911,0.653543,
1,0.161283,0.504492,
1,0.189241,0.641641,
1,0.214373,0.424383,
1,0.0807609,0.258493,
1,0.0650463,0.557228,
1,0.29855,0.326841,
1,0.0178307,0.263969,
1,0.259197,0.580102,
1,0.173196,0.662805,
1,0.22551,0.511786,
1,0.0749284,0.708012,
1,0.110961,0.528804,
1,0.187269,0.290976,
1,0.238675,0.70382,
1,-0.0413879,0.628049,
1,0.276365,0.507637,
1,-0.122383,0.570835,
1,0.0632434,0.480762,
1,-0.101746,0.36934,
1,0.293047,0.632655,
1,-0.00628578,0.265297,
1,0.0827011,0.501549,
1,-0.149313,0.46573,
1,0.197659,0.516499,
1,-0.0162716,0.455451,
1,-0.158272,0.489278,
1,-0.117691,0.404638,
1,0.0804781,0.737282,
1,0.0736417,0.379268,
1,0.121871,0.622961,
1,0.277489,0.661842,
1,0.130733,0.531773,
1,0.0992993,0.460294,
1,0.155384,0.447764,
1,-0.0512479,0.597163,
1,0.238707,0.607522,
1,-0.0534059,0.63437,
1,0.071999,0.50393,
1,0.252618,0.268494,
1,0.181935,0.560762,
1,0.226778,0.521291,
1,0.0885577,0.453803,
1,0.16866,0.536044,
1,0.105211,0.517127,
1,-0.0739761,0.47757,
1,0.108699,0.5258,
1,0.252251,0.548346,
1,0.281965,0.72923,
1,0.0810703,0.564561,
1,-0.0749408,0.596922,
1,-0.0353055,0.379781,
1,0.0620734,0.387497,
1,-0.0852657,0.493552,
1,0.186031,0.308135,
1,0.205436,0.493451,
1,0.111844,0.645126,
1,0.245172,0.698472,
1,0.152637,0.469375,
1,0.0813318,0.805936,
1,0.319649,0.411785,
1,0.226508,0.317834,
1,0.26319,0.416248,
1,0.113192,0.627067,
1,-0.0813702,0.493677,
1,-0.0517206,0.419707,
1,-0.0536751,0.54738,
1,-0.0828132,0.491593,
1,0.194852,0.340302,
1,0.127749,0.55106,
1,0.118072,0.606905,
1,-0.11982,0.36507,
1,-0.0482811,0.399263,
1,0.12514,0.506236,
1,0.240918,0.750983,
1,0.203081,0.369175,
1,0.345037,0.373012,
1,0.0585454,0.495164,
1,0.0939453,0.551445,
1,0.0890313,0.613887,
1,0.023411,0.528814,
1,-0.0692785,0.669515,
1,0.12691,0.27283,
1,0.354782,0.368548,
1,0.241349,0.585024,
1,0.308042,0.366242,
1,-0.0928951,0.533273,
1,-0.0365537,0.664889,
1,-0.0312573,0.718339,
1,0.150803,0.484929,
1,0.0637757,0.388626,
1,0.149454,0.734484,
1,0.0414327,0.355924,
1,0.159918,0.802553,
1,0.287393,0.752144,
1,0.122136,0.517965,
1,-0.0284085,0.506698,
1,0.136377,0.300819,
1,0.382009,0.420319,
1,0.154241,0.496865,
1,0.111072,0.465201,
1,0.0663268,0.489374,
1,0.118474,0.541576,
1,0.334708,0.498769,
1,0.360556,0.564731,
1,-0.0566892,0.523248,
1,-0.143332,0.5936,
1,0.0218485,0.269054,
1,0.181624,0.478539,
1,0.399808,0.583097,
1,0.0461191,0.352911,
1,0.114517,0.533182,
1,0.0645287,0.317807,
1,0.260039,0.513567,
1,0.132333,0.475871,
1,0.161975,0.741208,
1,0.147163,0.564392,
1,-0.0608567,0.673196,
1,0.247995,0.438738,
1,0.305399,0.696619,
1,-0.0899439,0.606223,
1,0.149603,0.508128,
1,0.0228807,0.462725,
1,-0.0326695,0.2941,
1,0.105004,0.54675,
1,0.278393,0.453347,
1,0.16296,0.515131,
1,0.213435,0.499857,
1,0.231735,0.544231,
1,0.226768,0.62432,
1,0.12355,0.69052,
1,0.0410571,0.693651,
1,0.208757,0.761056,
1,0.0624802,0.330857,
1,0.166972,0.705011,
1,0.117631,0.468254,
1,-0.0665076,0.544971,
1,0.230276,0.493855,
1,0.214279,0.518359,
1,0.107211,0.5646,
1,-0.0211334,0.432183,
1,0.00292882,0.748874,
1,-0.0708626,0.341875,
1,0.233805,0.594766,
1,0.412362,0.582273,
1,0.297519,0.49302,
1,0.405881,0.432029,
1,0.0251686,0.596398,
1,0.0191241,0.336495,
1,-0.00692075,0.614096,
1,0.111468,0.533479,
1,0.0485159,0.677019,
1,0.0343681,0.320311,
1,0.142821,0.471181,
1,0.124555,0.535796,
1,0.299374,0.387718,
1,0.000365117,0.382791,
1,0.27573,0.557683,
1,-0.0789471,0.40967,
1,0.0900636,0.470274,
1,0.138915,0.520885,
1,-0.127505,0.405642,
1,0.358991,0.57597,
1,0.186832,0.745605,
1,0.049299,0.381255,
1,0.24216,0.401755,
1,-0.0619148,0.707734,
1,0.365035,0.418487,
1,-0.0722315,0.681197,
1,0.15148,0.540325,
1,0.191015,0.630351,
1,0.384572,0.528244,
1,0.107944,0.603472,
1,0.294144,0.334949,
1,0.17984,0.380366,
1,0.19263,0.538338,
1,0.00257899,0.487332,
1,0.112426,0.495267,
1,0.0585792,0.422732,
1,0.359887,0.667956,
1,-0.0497711,0.661894,
1,-0.120857,0.622877,
1,0.240134,0.350598,
1,0.289535,0.674769,
1,0.129269,0.500009,
1,0.135728,0.288188,
1,0.10249,0.312714,
1,0.128812,0.523634,
1,-0.0489187,0.566807,
1,-0.0410139,0.564901,
1,0.0667635,0.510852,
1,0.125984,0.518889,
1,-0.0496928,0.71203,
1,0.170291,0.702461,
1,-0.0461956,0.309374,
1,0.106852,0.443422,
1,0.0791476,0.473632,
1,-0.0273412,0.332278,
1,0.128059,0.515231,
1,-0.00292224,0.70104,
1,0.133229,0.564678,
1,0.0430022,0.564305,
1,0.183543,0.532343,
1,0.361335,0.688714,
1,0.156323,0.308327,
1,0.369631,0.370559,
1,0.350819,0.465342,
1,0.251175,0.543656,
1,-0.044522,0.392246,
1,0.280823,0.61713,
1,0.366437,0.550083,
1,0.120259,0.511402,
1,0.0990518,0.269859,
1,-0.165906,0.526024,
1,0.182582,0.32957,
1,0.0932606,0.694048,
1,0.0176625,0.642964,
1,-0.0672867,0.389574,
1,0.0857336,0.561305,
1,0.262686,0.767002,
1,-0.0124367,0.654872,
1,0.221365,0.753505,
1,-0.00845979,0.672676,
1,0.0131987,0.568951,
1,0.180115,0.561717,
1,0.121411,0.542819,
1,0.165432,0.786542,
1,0.140405,0.416716,
1,-0.117104,0.547433,
1,0.037452,0.327889,
1,0.258046,0.276841,
1,0.204378,0.514058,
1,0.297522,0.546082,
1,0.0360034,0.545621,
1,0.26612,0.345701,
1,0.0684623,0.303566,
1,0.333735,0.496509,
1,0.17466,0.805891,
1,0.193378,0.5792,
1,0.243767,0.627849,
1,0.231553,0.331134,
1,0.00137679,0.517057,
1,0.336598,0.668728,
1,0.361437,0.542051,
1,-0.0412039,0.390492,
1,0.0657126,0.56412,
1,-0.0467069,0.353934,
1,-0.0135278,0.407747,
1,0.219932,0.507654,
1,0.136933,0.639028,
1,0.260249,0.708725,
1,-0.104176,0.538691,
1,0.0682743,0.627318,
1,0.119246,0.563434,
1,-0.0520391,0.555928,
1,0.157718,0.625196,
1,0.182173,0.609648,
1,0.166547,0.46043,
1,0.345255,0.634852,
1,0.0950322,0.316181,
1,0.273945,0.545511,
1,0.0664315,0.476477,
1,0.0329434,0.552264,
1,0.205275,0.710829,
1,0.287776,0.493686,
1,0.166042,0.48672,
1,0.102829,0.425524,
1,0.177425,0.437137,
1,0.128666,0.499172,
1,0.133676,0.453515,
1,0.0295241,0.483341,
1,0.136572,0.75238,
1,-0.0070458,0.632011,
1,-0.121275,0.472033,
1,0.284966,0.714225,
1,-0.0577173,0.531684,
1,0.135367,0.52596,
1,0.178625,0.628584,
1,0.0731315,0.327391,
1,0.112341,0.474275,
1,-0.0263715,0.284753,
1,0.0171627,0.487787,
1,-0.0118399,0.47464,
1,0.0847281,0.553557,
1,0.149196,0.507333,
1,0.0644387,0.769273,
1,0.0932328,0.52634,
1,0.0811791,0.508235,
1,-0.0650115,0.677172,
1,0.09778,0.480393,
1,0.304937,0.518693,
1,0.197412,0.768276,
1,0.232022,0.272614,
1,0.0871048,0.494486,
1,0.114198,0.520658,
1,0.139704,0.447082,
1,0.190919,0.513918,
1,0.0604745,0.354553,
1,0.266919,0.335614,
1,0.103621,0.447331,
1,-0.0998446,0.619864,
1,0.134159,0.516005,
1,0.0125644,0.313153,
1,0.0155319,0.625575,
1,0.126447,0.490157,
1,0.0714298,0.437348,
1,-0.07308,0.558149,
1,0.102545,0.513796,
1,0.301425,0.526195,
1,0.0390782,0.530242,
1,-0.162662,0.529631,
1,0.0104239,0.75674,
1,-0.00393904,0.484004,
1,0.152281,0.666531,
1,0.0606869,0.516681,
1,-0.0758171,0.449531,
1,0.108138,0.442247,
1,0.260522,0.477236,
1,0.267644,0.764815,
1,0.280235,0.269973,
1,0.114218,0.649175,
1,0.265118,0.397169,
1,0.140809,0.465706,
1,0.117093,0.51809,
1,0.211911,0.278083,
1,0.0485311,0.444939,
1,0.0805324,0.521335,
1,0.110721,0.609929,
1,0.138515,0.53985,
1,0.131606,0.670282,
1,-0.104734,0.463296,
1,0.223347,0.672544,
1,0.132613,0.58484,
1,0.0914013,0.611342,
1,0.267327,0.70058,
1,0.227909,0.572693,
1,0.102286,0.397169,
1,0.00919134,0.611883,
1,0.0862157,0.758225,
1,-0.0207911,0.478091,
1,0.164663,0.421118,
1,0.167342,0.266605,
1,0.195965,0.600075,
1,0.105161,0.583936,
1,0.116478,0.528887,
1,0.0911734,0.516212,
1,0.0261233,0.605088,
1,0.0344162,0.3526,
1,-0.0464654,0.42277,
1,0.114898,0.521414,
1,0.0293596,0.255199,
1,0.279585,0.594131,
1,0.384545,0.597156,
1,0.299467,0.470319,
1,0.145428,0.540236,
1,0.106048,0.523502,
1,0.131256,0.320809,
1,0.260081,0.520439,
1,0.0956009,0.522523,
1,0.400603,0.561201,
1,0.408345,0.514996,
1,0.263251,0.74381,
1,0.0686629,0.663898,
1,0.0935123,0.71437,
1,0.173104,0.555074,
1,0.134352,0.511821,
1,0.165989,0.477997,
1,0.15155,0.629054,
1,0.0405512,0.544671,
1,-0.0352471,0.584532,
1,0.350654,0.363956,
1,0.0452568,0.611914,
1,0.264842,0.736638,
1,0.0524486,0.658769,
1,0.120421,0.52262,
1,0.150112,0.652593,
1,0.274729,0.483256,
1,-0.0719208,0.548837,
1,0.126806,0.770676,
1,0.122877,0.508745,
1,0.0288304,0.497227,
1,0.175777,0.53778,
1,-0.0393711,0.423309,
1,0.140394,0.68939,
1,0.302249,0.361358,
1,0.115624,0.517328,
1,0.143589,0.655883,
1,0.20388,0.652991,
1,0.0870857,0.645169,
1,0.1488,0.580419,
1,0.0857485,0.556527,
1,0.128691,0.525866,
1,0.0370008,0.311536,
1,-0.0543654,0.634206,
1,0.139774,0.568418,
1,0.120058,0.516249,
1,0.0915122,0.312904,
1,0.273292,0.448871,
1,0.339015,0.342141,
1,-0.128785,0.451362,
1,0.139898,0.5223,
1,0.188761,0.402322,
1,0.171397,0.790679,
1,-0.0209952,0.359491,
1,0.138067,0.228486,
1,0.0453621,0.662661,
1,0.11017,0.521946,
1,0.065363,0.726747,
1,0.184821,0.340818,
1,0.135206,0.504789,
1,0.0803989,0.727946,
1,0.142071,0.53309,
1,0.257496,0.56377,
1,0.12058,0.550275,
1,-0.0379125,0.466943,
1,0.187347,0.375097,
1,0.210936,0.583414,
1,0.222988,0.506397,
1,0.0717991,0.368595,
1,0.112234,0.510693,
1,0.248251,0.756457,
1,0.0497826,0.421595,
1,0.0374903,0.498717,
1,0.100364,0.568797,
1,0.136591,0.522739,
1,-0.0327539,0.308406,
1,0.27291,0.287861,
1,0.0137671,0.602179,
1,0.258353,0.357599,
1,0.141319,0.421479,
1,0.215935,0.603017,
1,0.29122,0.403536,
1,-0.050901,0.441823,
1,0.18648,0.477865,
1,0.131246,0.499944,
1,0.213791,0.435923,
1,0.237428,0.552191,
1,-0.0799603,0.733273,
1,0.211282,0.473621,
1,0.0872815,0.809218,
1,0.109835,0.538613,
1,0.28197,0.620903,
1,0.226127,0.544952,
1,0.266986,0.651188,
1,0.178746,0.666295,
1,0.0928525,0.539471,
1,0.122937,0.553212,
1,0.399708,0.435822,
1,0.0649929,0.57814,
1,0.347398,0.363774,
1,0.161374,0.615048,
1,0.105342,0.253939,
1,0.161625,0.555073,
1,0.193352,0.706732,
1,-0.0490434,0.71747,
1,-0.0699691,0.688448,
1,0.296343,0.523287,
1,0.235649,0.794268,
1,0.203683,0.428429,
1,0.25346,0.75329,
1,0.290013,0.530257,
1,0.264363,0.725525,
1,0.145096,0.628724,
1,0.125933,0.41664,
1,0.317045,0.593311,
1,0.0923555,0.617714,
1,0.319928,0.705595,
1,-0.0660648,0.683212,
1,0.244018,0.465741,
1,0.0333517,0.717087,
1,0.0235182,0.544232,
1,0.136784,0.527253,
1,0.219191,0.304695,
1,0.211143,0.799751,
1,-0.00478949,0.420841,
1,0.255763,0.63164,
1,-0.0137443,0.689017,
1,0.125717,0.520803,
1,-0.0849825,0.471968,
1,0.225762,0.508339,
1,0.0633065,0.517007,
1,0.126054,0.523603,
1,0.139062,0.322843,
1,0.334332,0.46043,
1,0.0267451,0.417636,
1,-0.0817593,0.426165,
1,0.0336186,0.440455,
1,0.0362024,0.487359,
1,0.409838,0.542591,
1,0.162994,0.610495,
1,0.185415,0.523826,
1,0.179578,0.410859,
1,0.308623,0.481585,
1,0.0992895,0.678443,
1,0.12627,0.520166,
1,0.124234,0.521332,
1,0.310962,0.364189,
1,0.0211835,0.446338,
1,0.256673,0.580505,
1,0.202225,0.52827,
1,0.305963,0.536367,
1,0.114929,0.556668,
1,0.129142,0.521551,
1,0.0739687,0.539296,
1,0.0530307,0.485097,
1,0.136462,0.468121,
1,-0.0780222,0.677178,
1,0.0719264,0.532516,
1,0.149612,0.539173,
1,-0.0731026,0.523248,
1,0.127521,0.478696,
1,0.131699,0.666909,
1,-0.0274391,0.634083,
1,0.156727,0.265294,
1,0.203993,0.54772,
1,0.135705,0.52689,
1,0.125633,0.557909,
1,0.116283,0.554359,
1,0.0300061,0.464568,
1,0.227796,0.529345,
1,0.106489,0.529636,
1,0.384022,0.538163,
1,0.00890959,0.33057,
1,0.128213,0.503278,
1,-0.0540058,0.572917,
1,0.175833,0.747111,
1,0.187891,0.493609,
1,0.316415,0.746826,
1,-0.149724,0.448946,
1,0.0565871,0.339464,
1,0.341339,0.318989,
1,0.280038,0.316656,
1,0.13779,0.470474,
1,0.192447,0.426438,
1,0.125598,0.521988,
1,-0.0873679,0.443476,
1,-0.0101803,0.635663,
1,-0.00171485,0.502542,
1,-0.0544505,0.297701,
1,0.420501,0.488597,
1,0.268657,0.566613,
1,-0.0867163,0.696979,
1,-0.0267896,0.709031,
1,0.116538,0.49743,
1,0.069334,0.548795,
1,-0.0240071,0.657479,
1,0.316587,0.546813,
1,-0.140132,0.487339,
1,0.0736482,0.436799,
1,0.144617,0.430319,
1,-0.126826,0.418967,
1,0.315876,0.521135,
1,-0.0744338,0.409905,
1,0.0980972,0.672483,
1,0.0930241,0.572777,
1,0.0779268,0.490791,
1,0.134153,0.610041,
1,0.201032,0.802256,
2,-0.197539,-0.524407,
2,0.196501,-0.446702,
2,0.0349913,-0.153368,
2,-0.00151419,-0.273334,
2,-0.127268,-0.425917,
2,-0.208353,-0.424636,
2,-0.0778563,-0.429427,
2,0.0218806,-0.557123,
2,-0.0339236,-0.490103,
2,0.0354844,-0.546346,
2,0.00633348,-0.337186,
2,-0.20827,-0.428202,
2,0.0113367,-0.335081,
2,0.0171458,-0.380794,
2,0.0521458,-0.503359,
2,0.148472,-0.407941,
2,-0.0383808,-0.436016,
2,-0.176137,-0.486632,
2,-0.152031,-0.402866,
2,0.0775465,-0.369419,
2,0.0847616,-0.392712,
2,-0.233267,-0.552293,
2,0.105638,-0.238483,
2,0.0409162,-0.455087,
2,0.13117,-0.202585,
2,-0.00539561,-0.385843,
2,-0.0204525,-0.379143,
2,-0.186808,-0.375491,
2,0.090035,-0.202663,
2,-0.0921831,-0.642187,
2,0.169737,-0.48251,
2,0.0183206,-0.366941,
2,0.185139,-0.404757,
2,-0.085143,-0.367717,
2,-0.020726,-0.396136,
2,-0.0375066,-0.38226,
2,-0.00769162,-0.361741,
2,-0.106458,-0.564606,
2,-0.0657127,-0.444221,
2,-0.289224,-0.441128,
2,-0.00157255,-0.509625,
2,-0.124946,-0.472746,
2,-0.0555651,-0.375848,
2,-0.0154772,-0.425419,
2,-0.11514,-0.308871,
2,-0.0715964,-0.561519,
2,-0.0366513,-0.380511,
2,0.117404,-0.27756,
2,-0.0300443,-0.405864,
2,0.0521026,-0.498438,
2,0.00430507,-0.318138,
2,0.0968151,-0.442419,
2,-0.109257,-0.442879,
2,-0.018663,-0.362127,
2,-0.0956659,-0.230465,
2,0.0221153,-0.60129,
2,-0.1519,-0.404088,
2,-0.125432,-0.459493,
2,0.0811306,-0.563091,
2,0.120372,-0.406518,
2,0.186075,-0.322254,
2,-0.0439405,-0.362688,
2,-0.0256682,-0.402186,
2,0.143184,-0.530125,
2,-0.092316,-0.318713,
2,-0.150059,-0.458676,
2,0.161975,-0.265498,
2,-0.0234546,-0.404017,
2,0.016736,-0.220826,
2,0.0128939,-0.537368,
2,-0.152348,-0.520362,
2,0.00943843,-0.434896,
2,0.104407,-0.418691,
2,-0.0644808,-0.383744,
2,0.063812,-0.303748,
2,-0.0761664,-0.494678,
2,-0.0654386,-0.452026,
2,-0.183086,-0.379707,
2,-0.132983,-0.36945,
2,0.0547048,-0.462325,
2,-0.0298254,-0.423772,
2,0.0140743,-0.408447,
2,-0.063391,-0.360105,
2,0.0200382,-0.376916,
2,0.0503003,-0.260564,
2,0.0861675,-0.513304,
2,-0.0622542,-0.672426,
2,0.14026,-0.464554,
2,-0.106153,-0.412271,
2,-0.086493,-0.523667,
2,0.0102438,-0.385117,
2,-0.0196226,-0.403756,
2,0.0217274,-0.314738,
2,-0.0521438,-0.453865,
2,-0.0995463,-0.263908,
2,0.073654,-0.395803,
2,-0.230718,-0.51218,
2,0.0128055,-0.227047,
2,0.104153,-0.509944,
2,-0.152617,-0.456352,
2,-0.193847,-0.404835,
2,-0.18163,-0.552858,
2,-0.0265847,-0.406959,
2,-0.0601109,-0.315689,
2,0.198565,-0.502022,
2,-0.0259298,-0.400496,
2,-0.0396144,-0.525489,
2,-0.115929,-0.58948,
2,-0.0510188,-0.485751,
2,-0.0891217,-0.64911,
2,-8.10196e-06,-0.403377,
2,-0.244641,-0.303594,
2,-0.0658901,-0.233915,
2,-0.14531,-0.44376,
2,-0.126992,-0.536505,
2,-0.0474086,-0.390249,
2,0.0387598,-0.411293,
2,0.145566,-0.495207,
2,-0.000346015,-0.601855,
2,-0.0916508,-0.410785,
2,-0.0167802,-0.552869,
2,0.0572954,-0.614355,
2,-0.135866,-0.46616,
2,-0.192001,-0.433091,
2,0.105395,-0.320668,
2,0.107212,-0.556228,
2,-0.115109,-0.151167,
2,-0.0197999,-0.40451,
2,-0.0899475,-0.392036,
2,-0.224901,-0.415265,
2,-0.0962086,-0.184503,
2,-0.164979,-0.343607,
2,-0.0443256,-0.384921,
2,-0.0450716,-0.384933,
2,0.0180393,-0.210925,
2,0.0739384,-0.361301,
2,-0.0516015,-0.499582,
2,-0.0215472,-0.40117,
2,0.054988,-0.304598,
2,-0.110332,-0.286947,
2,-0.0107074,-0.499089,
2,-0.00219327,-0.277697,
2,-0.191817,-0.23234,
2,0.147263,-0.407856,
2,0.103094,-0.499643,
2,0.154012,-0.470137,
2,0.100186,-0.628015,
2,-0.0246969,-0.311781,
2,-0.0994522,-0.322948,
2,0.202089,-0.403311,
2,0.0583912,-0.510903,
2,-0.0323005,-0.409723,
2,0.0904165,-0.493901,
2,0.00815003,-0.664077,
2,-0.132911,-0.263706,
2,0.0678097,-0.393305,
2,0.03325,-0.573267,
2,-0.0881437,-0.235222,
2,0.0276607,-0.294676,
2,-0.203261,-0.563802,
2,-0.0335924,-0.403637,
2,0.125421,-0.436677,
2,0.000248444,-0.418248,
2,0.23266,-0.481144,
2,0.150733,-0.524489,
2,-0.0293965,-0.405625,
2,-0.105145,-0.183887,
2,-0.140466,-0.438344,
2,-0.163017,-0.236279,
2,0.072946,-0.301491,
2,-0.197877,-0.349078,
2,-0.078667,-0.367983,
2,0.153071,-0.562121,
2,-0.237855,-0.347624,
2,0.114766,-0.185289,
2,-0.0237555,-0.401232,
2,-0.205703,-0.444173,
2,-0.0758334,-0.138484,
2,-0.0180833,-0.13959,
2,-0.0984788,-0.327755,
2,-0.00425393,-0.545985,
2,-0.0529021,-0.382853,
2,0.142491,-0.542574,
2,-0.271635,-0.356758,
2,-0.000736777,-0.393071,
2,-0.0389507,-0.413407,
2,0.173064,-0.398374,
2,-0.136235,-0.642939,
2,-0.160071,-0.542641,
2,0.0349253,-0.423776,
2,0.0154872,-0.5046,
2,-0.143752,-0.427362,
2,-0.00132057,-0.559988,
2,-0.120315,-0.637465,
2,-0.138728,-0.474441,
2,-0.160546,-0.479023,
2,-0.234411,-0.500355,
2,0.118221,-0.376641,
2,-0.0253475,-0.14463,
2,-0.236595,-0.429607,
2,0.210456,-0.328854,
2,-0.0646397,-0.444939,
2,0.0214747,-0.249352,
2,0.0310685,-0.302946,
2,-0.196656,-0.386833,
2,-0.128503,-0.447785,
2,0.0270928,-0.398308,
2,-0.0771923,-0.230455,
2,-0.096518,-0.505085,
2,-0.206033,-0.480626,
2,-0.0178646,-0.306708,
2,-0.11628,-0.347488,
2,-0.0441648,-0.386742,
2,-0.00922837,-0.244314,
2,-0.00364888,-0.450906,
2,-0.191343,-0.377848,
2,0.164362,-0.353142,
2,-0.0955275,-0.291983,
2,-0.0216297,-0.287964,
2,0.164157,-0.580112,
2,-0.0130598,-0.44967,
2,-0.0957077,-0.636352,
2,-0.16318,-0.201196,
2,-0.204185,-0.40201,
2,-0.188759,-0.202746,
2,-0.177253,-0.609104,
2,0.0669237,-0.262033,
2,0.00810664,-0.408046,
2,0.0129863,-0.562536,
2,-0.0470033,-0.411141,
2,0.00884228,-0.667063,
2,-0.0329952,-0.393694,
2,-0.162534,-0.212658,
2,-0.00674922,-0.430291,
2,0.00552548,-0.141686,
2,-0.0663236,-0.329481,
2,-0.145736,-0.484512,
2,-0.0933764,-0.297432,
2,-0.0349592,-0.449717,
2,0.225194,-0.44587,
2,-0.166156,-0.565627,
2,-0.178689,-0.275918,
2,-0.031702,-0.480645,
2,-0.168061,-0.355984,
2,0.0752673,-0.365906,
2,0.134298,-0.561181,
2,0.0395263,-0.361909,
2,0.16547,-0.336003,
2,-0.022676,-0.403817,
2,0.22644,-0.495786,
2,-0.115925,-0.355075,
2,-0.176179,-0.254096,
2,0.0234419,-0.487915,
2,-0.0811111,-0.551453,
2,-0.0939935,-0.240106,
2,-0.08686,-0.312228,
2,-0.0186092,-0.39898,
2,-0.0155498,-0.405938,
2,-0.121823,-0.596208,
2,-0.0167328,-0.400558,
2,-0.0238885,-0.400615,
2,-0.088997,-0.265117,
2,-0.125707,-0.221646,
2,0.0730919,-0.527371,
2,-0.153222,-0.368779,
2,-0.0177937,-0.485436,
2,-0.0946126,-0.330551,
2,0.0297871,-0.640171,
2,-0.187692,-0.469824,
2,0.172807,-0.500009,
2,-0.265266,-0.32136,
2,0.0490297,-0.440763,
2,-0.159018,-0.411033,
2,0.207495,-0.383438,
2,0.150739,-0.600632,
2,0.0179052,-0.375793,
2,0.0223846,-0.465819,
2,-0.0890329,-0.422604,
2,0.0426896,-0.638476,
2,-0.11688,-0.289963,
2,-0.232469,-0.333693,
2,-0.280867,-0.414846,
2,-0.0921797,-0.149891,
2,0.0133735,-0.308293,
2,-0.000548852,-0.242478,
2,-0.0592425,-0.373738,
2,-0.267506,-0.417684,
2,0.142693,-0.594499,
2,0.0116122,-0.173374,
2,0.226195,-0.438827,
2,-0.0316044,-0.345065,
2,-0.021951,-0.403715,
2,0.154617,-0.292573,
2,-0.0864134,-0.472456,
2,-0.0297664,-0.380868,
2,0.0259781,-0.653647,
2,-0.0957206,-0.494278,
2,-0.105576,-0.362418,
2,-0.224627,-0.384907,
2,0.0249478,-0.275541,
2,-0.0247121,-0.381716,
2,0.151737,-0.294099,
2,0.110047,-0.446522,
2,0.0116351,-0.656637,
2,-0.142353,-0.290683,
2,-0.0114013,-0.339554,
2,-0.0605742,-0.249725,
2,-0.185604,-0.359612,
2,0.0760052,-0.554696,
2,-0.104534,-0.345496,
2,-0.132897,-0.384704,
2,0.0714489,-0.440877,
2,-0.202189,-0.574729,
2,-0.0456713,-0.173623,
2,-0.0610819,-0.400107,
2,-0.208749,-0.226166,
2,0.078615,-0.454908,
2,-0.00833014,-0.480665,
2,-0.0326873,-0.298541,
2,0.0705278,-0.560582,
2,-0.0602517,-0.387808,
2,-0.000418195,-0.431261,
2,0.0186422,-0.354366,
2,-0.0806349,-0.20732,
2,0.0800603,-0.464346,
2,-0.133014,-0.367047,
2,-0.205248,-0.547912,
2,0.13669,-0.225158,
2,-0.0941954,-0.334566,
2,0.0817082,-0.388991,
2,-0.013704,-0.53314,
2,-0.0411742,-0.404784,
2,-0.015971,-0.266027,
2,0.121851,-0.507886,
2,0.0842872,-0.407403,
2,-0.225273,-0.484019,
2,0.0105357,-0.189056,
2,0.0183082,-0.436041,
2,-0.0479605,-0.250115,
2,-0.135521,-0.33907,
2,0.104516,-0.592191,
2,-0.0369222,-0.441562,
2,-0.217515,-0.497791,
2,-0.0557131,-0.445584,
2,0.0329103,-0.502337,
2,-0.0999292,-0.304883,
2,-0.0985936,-0.370615,
2,-0.211243,-0.311734,
2,0.0464329,-0.589319,
2,-0.0297555,-0.405735,
2,0.0617476,-0.280922,
2,-0.0819056,-0.387045,
2,0.142397,-0.582494,
2,0.114952,-0.429231,
2,-0.256917,-0.384068,
2,0.0259366,-0.4198,
2,-0.227869,-0.50762,
2,-0.0553182,-0.231784,
2,0.167704,-0.460181,
2,-0.0229423,-0.401854,
2,-0.177098,-0.327197,
2,-0.0230939,-0.412583,
2,-0.230098,-0.496325,
2,-0.184663,-0.264968,
2,0.0596316,-0.381974,
2,-0.1457,-0.400367,
2,-0.0953823,-0.57717,
2,-0.00179656,-0.522667,
2,0.0476067,-0.528943,
2,-0.0142728,-0.364865,
2,-0.0351157,-0.369631,
2,-0.112241,-0.530075,
2,0.202635,-0.427254,
2,-0.246615,-0.385161,
2,0.0715153,-0.303968,
2,0.0172953,-0.567843,
2,-0.0939261,-0.277658,
2,0.0557549,-0.193609,
2,-0.0741402,-0.439725,
2,-0.0252019,-0.444406,
2,-0.221315,-0.377935,
2,-0.0639327,-0.166046,
2,-0.205552,-0.370171,
2,0.00951222,-0.548758,
2,-0.053134,-0.405496,
2,-0.191857,-0.54856,
2,4.88021e-05,-0.376794,
2,0.0946503,-0.393741,
2,-0.00780227,-0.344041,
2,-0.0222071,-0.422823,
2,0.138488,-0.383523,
2,0.0151206,-0.621688,
2,-0.0266491,-0.393582,
2,-0.0377985,-0.617886,
2,-0.107933,-0.448079,
2,0.0399644,-0.499464,
2,-0.217261,-0.400545,
2,0.151869,-0.503506,
2,0.13572,-0.497571,
2,-0.0130407,-0.423565,
2,-0.0458026,-0.263056,
2,-0.0482706,-0.398459,
2,-0.0913978,-0.387056,
2,-0.199293,-0.204411,
2,0.0533754,-0.404485,
2,0.00155351,-0.418479,
2,-0.167622,-0.492643,
2,-0.0116013,-0.427707,
2,-0.109549,-0.502711,
2,-0.29294,-0.376887,
2,-0.215875,-0.241932,
2,-0.0473847,-0.346864,
2,0.142192,-0.393038,
2,0.01473,-0.50309,
2,0.148279,-0.390875,
2,-0.0757728,-0.374671,
2,-0.1721,-0.511958,
2,0.00505257,-0.564035,
2,0.00772349,-0.515609,
2,-0.143661,-0.500015,
2,-0.0146165,-0.663495,
2,0.128193,-0.182707,
2,0.0187372,-0.162805,
2,-0.190313,-0.556922,
2,-0.0854186,-0.246466,
2,-0.210514,-0.556742,
2,0.033574,-0.307639,
2,-0.0360699,-0.155312,
2,-0.000453842,-0.206387,
2,0.00238018,-0.57828,
2,-0.0304268,-0.281056,
2,0.0301223,-0.14751,
2,-0.157729,-0.383696,
2,-0.197759,-0.391087,
2,-0.0653808,-0.369627,
2,0.0826166,-0.216537,
2,0.0391922,-0.439025,
2,-0.245915,-0.25547,
2,0.0228949,-0.426651,
2,-0.0677396,-0.662387,
2,-0.0629246,-0.522827,
2,0.0280322,-0.236159,
2,-0.011132,-0.390486,
2,-0.107849,-0.355973,
2,0.181348,-0.399657,
2,-0.123546,-0.418165,
2,-0.156094,-0.626445,
2,-0.170231,-0.228144,
2,0.0955556,-0.58856,
2,-0.0288136,-0.411537,
2,0.0623416,-0.190527,
2,0.0507259,-0.415242,
2,-0.0196833,-0.367939,
2,-0.0842314,-0.466038,
2,-0.228105,-0.386931,
2,-0.166,-0.45802,
2,0.0965759,-0.394047,
2,-0.0537189,-0.428491,
2,-0.151078,-0.234341,
2,0.115624,-0.500127,
2,0.0566885,-0.292288,
2,0.241126,-0.437858,
2,-0.162155,-0.481992,
2,-0.0472134,-0.358912,
2,-0.0606187,-0.527723,
2,0.0130408,-0.46733,
2,-0.0257486,-0.403804,
2,-0.0833361,-0.353831,
2,-0.154712,-0.456047,
2,0.0621334,-0.341574,
2,0.0383271,-0.456999,
2,0.0284164,-0.535969,
2,0.204298,-0.386241,
2,0.122733,-0.500058,
2,0.178142,-0.32646,
2,0.041147,-0.223404,
2,0.0854152,-0.278784,
2,-0.0507454,-0.466318,
2,-0.0192636,-0.404563,
2,-0.0330195,-0.433335,
2,-0.0486662,-0.405358,
2,-0.103529,-0.599192,
2,-0.0814889,-0.200689,
2,0.0366141,-0.308881,
2,0.197553,-0.348795,
2,0.0425818,-0.529651,
2,-0.207536,-0.548234,
2,0.00234273,-0.420281,
2,-0.0113736,-0.464114,
2,0.229385,-0.363518,
2,-0.0924222,-0.418299,
2,-0.0154798,-0.407821,
2,-0.0840237,-0.612741,
2,-0.0575421,-0.602323,
2,-0.24055,-0.528349,
2,0.00178657,-0.393133,
2,-0.0996301,-0.191334,
2,-0.0318638,-0.408979,
2,0.0889848,-0.624021,
2,-0.161254,-0.184965,
2,-0.0850221,-0.255896,
2,0.00123265,-0.239552,
2,-0.0868935,-0.645316,
2,-0.244481,-0.540298,
2,0.102447,-0.404879,
2,0.0202059,-0.431305,
2,0.0292067,-0.498813,
2,-0.0388402,-0.335882,
2,-0.280857,-0.320304,
2,0.0153311,-0.417048,
2,-0.122999,-0.385299,
2,0.00860645,-0.376344,
2,-0.148563,-0.197774,
2,0.0359151,-0.600364,
2,0.141688,-0.476262,
2,-0.183871,-0.567315,
2,-0.026232,-0.40465,
2,-0.16614,-0.43113,
2,0.00592011,-0.633512,
2,0.159607,-0.367596,
2,0.000300153,-0.288043,
2,0.00641272,-0.304567,
2,-0.288789,-0.408636,
2,-0.185965,-0.223178,
2,-0.180693,-0.622992,
2,-0.238993,-0.465001,
2,0.0536331,-0.415263,
2,0.0171127,-0.352491,
2,-0.0498496,-0.320674,
2,-0.122865,-0.332893,
2,0.0115137,-0.623219,
2,0.0418668,-0.305459,
2,-0.074816,-0.509976,
2,-0.113887,-0.408781,
2,-0.0779311,-0.424639,
2,-0.134337,-0.279804,
2,-0.164467,-0.306851,
2,0.22472,-0.428869,
2,0.0676145,-0.581321,
2,0.0917051,-0.556385,
2,0.122502,-0.205493,
2,0.00453441,-0.380538,
2,-0.262657,-0.474122,
2,0.141646,-0.611842,
2,0.128447,-0.396274,
2,0.00968002,-0.316826,
2,0.0637155,-0.266306,
2,-0.223227,-0.523435,
2,-0.0397305,-0.598544,
2,0.00637122,-0.232397,
2,-0.150759,-0.483143,
2,-0.0815546,-0.401765,
2,-0.213732,-0.595535,
2,-0.0960379,-0.332035,
2,0.0455248,-0.439226,
2,-0.0267319,-0.429096,
2,-0.040003,-0.396991,
2,-0.113628,-0.415693,
2,-0.025211,-0.426768,
2,0.110964,-0.560303,
2,-0.0799278,-0.57024,
2,-0.134426,-0.293504,
2,0.0229019,-0.356302,
2,0.0255265,-0.310546,
2,-0.106355,-0.393202,
2,0.134512,-0.491226,
2,0.149721,-0.301701,
2,-0.0259703,-0.391857,
2,-0.0366115,-0.437294,
2,-0.140716,-0.205019,
2,0.115206,-0.203625,
2,0.0831085,-0.48895,
2,0.0457327,-0.411529,
2,-0.140738,-0.339441,
2,-0.0239852,-0.458727,
2,0.0494081,-0.614265,
2,-0.257249,-0.27556,
2,-0.117555,-0.516853,
2,-0.178488,-0.29618,
2,-0.0506565,-0.448188,
2,-0.0149178,-0.435609,
2,0.107219,-0.369083,
2,0.113679,-0.38109,
2,-0.119182,-0.547416,
2,0.131233,-0.209446,
2,-0.109587,-0.317388,
2,-0.0366289,-0.602485,
2,0.121421,-0.631207,
2,0.041562,-0.510287,
2,-0.00564258,-0.497052,
2,-0.105359,-0.473167,
2,-0.073611,-0.453036,
2,-0.0507748,-0.65695,
2,0.0285705,-0.366473,
2,-0.0072155,-0.419703,
2,0.0529319,-0.332565,
2,-0.00609403,-0.507762,
2,-0.0244065,-0.299231,
2,0.110982,-0.411766,
2,-0.199185,-0.327694,
2,0.158596,-0.43088,
2,-0.122914,-0.2518,
2,-0.0494099,-0.387426,
2,-0.19597,-0.42624,
2,-0.0481743,-0.293748,
2,-0.131058,-0.442277,
2,0.0800095,-0.344781,
2,-0.0239777,-0.485192,
2,-0.0261681,-0.398721,
2,-0.137079,-0.485642,
